Anaheim Public Utilities,APU,California
Los Angeles Department of Water and Power,LADWP,California
Pasadena Water & Power,Pasadena,California
Pacific Gas and Electric Company,PG&E,California
Southern California Edison,SCE,California
San Diego Gas & Electric,SDG&E,California
Sacramento Municipal Utility District,SMUD,California
Arizona Public Service Company,APS,Arizona
Salt River Project power and water,SRP,Arizona
Tcson Electric Power,TEP,Arizona
NV Energy,NV energy South,Nevada
Hawaiian Electric,HECO,Hawaii
Hawaii Electric Light,HELCO,Hawaii
Kauai Island Utility Cooperative,KIUC,Hawaii
Maui Electric,MECO,Hawaii
Pacific Power,Pacific Power,Oregon
Portland General Electric,Portland General Electric,Oregon
Xcel Energy,XCEL,Colorado
PPL Electric Utilities,PPL,Pensylvania
Atlantic City Electric,ACE,New Jeresey
Jersey Central Power & Light,JCP&L,New Jeresey
Public Services Enterprise Group,PSE&G,New Jeresey
Rockland Electric,Rockland Electric,New Jeresey
Vineland Municipal Electric Utility,Vineland,New Jeresey
Central Hudson Gas & Electric,Central Hudson,New York
Consolidated Edison Inc,ConEdison,New York
Long Island Power Authority,LIPA,New York
National Grid,National Grid,New York
Nye York State Electric & Gas Corporation,NYSE&G,New York
Orange & Rockland,O&R,New York
NSTAR,NSTAR,Massachussets
Southern Maryland Electric Cooperative,SMECO,Massachussets
Western Massachusetts Electric,WMECO,Massachussets
Baltimore Gas and Electric,BG&E,Maryland
Delmarva Power,Delmarva,Maryland
Potomac Electric Power Company,PEPCO,Maryland
Southern Maryland Electric Cooperative,SMECO,Maryland
